{  
   "equipments":[  
      {  
         "Acc":"",
         "Alert":0,
         "Bran":"9461",
         "Cont":"",
         "Desc":"TRUCK\/TRACTOR\/DUAL AXLE",
         "EqIC":"800026585",
         "EqType":15,
         "IGNITION":1,
         "Lat":"48.3286717",
         "Long":"-102.2454300",
         "Status":1,
         "contactNo":"",
         "lastRptOn":"03\/03\/2016 | 8:10PM",
         "mtrReading":"61834.00",
         "ordBy":"",
         "po":""
      },
      {  
         "Acc":"",
         "Alert":0,
         "Bran":"8502",
         "Cont":"",
         "Desc":"COMPRESSOR AIR 1600CFM DSL @150PSI",
         "EqIC":"800056578",
         "EqType":3,
         "IGNITION":0,
         "Lat":"56.6636633",
         "Long":"-111.3279133",
         "Status":4,
         "contactNo":"",
         "lastRptOn":"03\/03\/2016 | 6:42PM",
         "mtrReading":"2873.07",
         "ordBy":"",
         "po":""
      },
      {  
         "Acc":"",
         "Alert":0,
         "Bran":"8503",
         "Cont":"",
         "Desc":"TELEHANDLER DSL 10000LB 4WD 55\/56'",
         "EqIC":"76161071",
         "EqType":9,
         "IGNITION":0,
         "Lat":"55.1499650",
         "Long":"-118.8215017",
         "Status":4,
         "contactNo":"",
         "lastRptOn":"03\/03\/2016 | 3:32PM",
         "mtrReading":"5787.47",
         "ordBy":"",
         "po":""
      },
      {  
         "Acc":"2398661",
         "Alert":0,
         "Bran":"8524",
         "Cont":"27021819",
         "Desc":"COMPRESSOR AIR DSL 375 CFM @ 150 PSI",
         "EqIC":"76150762",
         "EqType":3,
         "IGNITION":0,
         "Lat":"57.2399467",
         "Long":"-111.4967683",
         "Status":3,
         "contactNo":"4037134495",
         "lastRptOn":"03\/03\/2016 | 8:07PM",
         "mtrReading":"3230.86",
         "ordBy":"DONNA MAJOR",
         "po":"27663564"
      },
      {  
         "Acc":"2397108",
         "Alert":0,
         "Bran":"8561",
         "Cont":"610007339",
         "Desc":"WELDER 300 AMP DIESEL",
         "EqIC":"76156269",
         "EqType":9,
         "IGNITION":0,
         "Lat":"53.7915916",
         "Long":"-113.0945316",
         "Status":3,
         "contactNo":"7809923606",
         "lastRptOn":"03\/03\/2016 | 1:44PM",
         "mtrReading":"689.12",
         "ordBy":"JIM ROGERS",
         "po":"4518267494"
      },
      {  
         "Acc":"2887368",
         "Alert":0,
         "Bran":"9175",
         "Cont":"28379107",
         "Desc":"TRUCK\/PICKUP\/CREWCAB\/F350CLASS\/GAS\/4WD",
         "EqIC":"659140096",
         "EqType":15,
         "IGNITION":0,
         "Lat":"40.7239700",
         "Long":"-74.0570867",
         "Status":3,
         "contactNo":"2012162371",
         "lastRptOn":"03\/03\/2016 | 6:11PM",
         "mtrReading":"6897.00",
         "ordBy":"SAL D'ANGELO",
         "po":"RQ15152"
      },
      {  
         "Acc":"2776112",
         "Alert":1,
         "Bran":"9418",
         "Cont":"28227874",
         "Desc":"WELDER\/300-349AMPS\/DSL\/TOW",
         "EqIC":"768300376",
         "EqType":9,
         "IGNITION":0,
         "Lat":"29.7537333",
         "Long":"-95.0129117",
         "Status":3,
         "contactNo":"8323516000",
         "lastRptOn":"03\/03\/2016 | 3:26PM",
         "mtrReading":"3797.56",
         "ordBy":"BLYTHE CROFOOT",
         "po":"58NY1360-HH115895"
      },
      {  
         "Acc":"",
         "Alert":1,
         "Bran":"9448",
         "Cont":"",
         "Desc":"GENERATOR\/160KW-200KW\/DSL",
         "EqIC":"800013787",
         "EqType":7,
         "IGNITION":0,
         "Lat":"41.2554500",
         "Long":"-95.9311380",
         "Status":4,
         "contactNo":"",
         "lastRptOn":"02\/08\/2016 | 3:46AM",
         "mtrReading":"4534.86",
         "ordBy":"",
         "po":""
      },
      {  
         "Acc":"2798735",
         "Alert":1,
         "Bran":"9459",
         "Cont":"28342883",
         "Desc":"GENERATOR 35-39KW 300GAL DS TRAILER",
         "EqIC":"800050226",
         "EqType":7,
         "IGNITION":1,
         "Lat":"36.1708230",
         "Long":"-95.9715440",
         "Status":3,
         "contactNo":"7817925803",
         "lastRptOn":"03\/03\/2016 | 8:18PM",
         "mtrReading":"3015.30",
         "ordBy":"JOHN",
         "po":"TIM"
      },
      {  
         "Acc":"2893945",
         "Alert":1,
         "Bran":"9461",
         "Cont":"28393903",
         "Desc":"WELDER\/300-349AMPS\/DSL\/TOW",
         "EqIC":"768300865",
         "EqType":9,
         "IGNITION":0,
         "Lat":"48.3044883",
         "Long":"-102.3742083",
         "Status":3,
         "contactNo":"9184253106",
         "lastRptOn":"03\/03\/2016 | 5:00PM",
         "mtrReading":"2803.58",
         "ordBy":"KENNY",
         "po":"2211-4019\/4020"
      },
      {  
         "Acc":"1374682",
         "Alert":1,
         "Bran":"9642",
         "Cont":"28324507",
         "Desc":"GENERATOR\/55-59KW\/DSL",
         "EqIC":"549550237",
         "EqType":7,
         "IGNITION":1,
         "Lat":"35.3999280",
         "Long":"-119.0398710",
         "Status":3,
         "contactNo":"9168593164",
         "lastRptOn":"03\/03\/2016 | 6:48PM",
         "mtrReading":"4558.12",
         "ordBy":"RAPHELLE",
         "po":"590555"
      },
      {  
         "Acc":"6069490",
         "Alert":1,
         "Bran":"9689",
         "Cont":"28088700",
         "Desc":"TRUCK\/PICKUP\/SUPERCAB\/F150CLASS\/GAS\/4WD",
         "EqIC":"800047856",
         "EqType":15,
         "IGNITION":0,
         "Lat":"34.0104250",
         "Long":"-118.2652083",
         "Status":3,
         "contactNo":"7144667133",
         "lastRptOn":"03\/03\/2016 | 8:12PM",
         "mtrReading":"9639.00",
         "ordBy":"BRENT WOFFORD",
         "po":"01150000683"
      }
   ]
}