{
   "equipments":[
      {
         "EqIC":"0061802530",
         "Lat":12.9715987,
         "Long":77.59456269999998,
         "Desc":"COMPRESSOR/185CFM/DSL/PORTABLE",
         "Bran":97082774,
         "Cont":"28101919",
         "Acc":"2875543",
         "Status":3,
         "IGNITION":0,
         "Alert":0,
         "EqType":1
      },
      {
         "Acc":"",
         "Alert":1,
         "Bran":"8501",
         "Cont":"3953922",
         "Desc":"GENERATOR 20KW SILENCED DSL 3PH",
         "EqIC":"76145063",
         "EqType":1,
         "IGNITION":0,
         "Lat":"52.0598517",
         "Long":"-114.2282233",
         "Status":3
      },
      {
         "Acc":"2809675",
         "Alert":1,
         "Bran":"9288",
         "Cont":"27977695",
         "Desc":"PUMP\/TRASH\/VACUUM ASSIST\/6\"",
         "EqIC":"800054413",
         "EqType":1,
         "IGNITION":0,
         "Lat":"30.0064967",
         "Long":"-90.4224667",
         "Status":3
      }
   ]
}