{ "equipmentTrail": [{ "isIgnitionOn": 2, "latitude": "32.820052", "longitude": "-97.411483", "reportDate": "2016-05-03T11:41:00.000Z" }, { "isIgnitionOn": 0, "latitude": "32.820058", "longitude": "-97.411467", "reportDate": "2016-05-03T12:03:00.000Z" }, { "isIgnitionOn": 1, "latitude": "32.820052", "longitude": "-97.411483", "reportDate": "2016-05-03T15:13:00.000Z" }, { "isIgnitionOn": 2, "latitude": "32.820058", "longitude": "-97.411467", "reportDate": "2016-05-03T16:41:00.000Z" }, { "isIgnitionOn": 0, "latitude": "32.820058", "longitude": "-97.411467", "reportDate": "2016-05-03T17:41:00.000Z" }, { "isIgnitionOn": 1, "latitude": "32.820058", "longitude": "-97.411467", "reportDate": "2016-05-03T18:41:00.000Z" }] }