{  
   "alertDetails":[  
      {  
         "alertCategory":"Active",
         "alertDescription":"Low Voltage",
         "dateTime":"Oct 17 2015  4:13AM",
         "equipmentId":null,
         "totalCount":null
      },
	  {  
         "alertCategory":"Past",
         "alertDescription":"Low Voltage",
         "dateTime":"Oct 17 2015  4:13AM",
         "equipmentId":null,
         "totalCount":null
      },
	  {  
         "alertCategory":"Past",
         "alertDescription":"Low Voltage",
         "dateTime":"Oct 17 2015  4:13AM",
         "equipmentId":null,
         "totalCount":null
      }
   ]
}