{
   "equipmentListFiltered":[
      {
         "account":"",
         "alertCount":18,
         "branch":"8502",
         "contactNo":null,
         "contract":null,
         "description":"COMPRESSOR AIR 1600CFM DSL @150PSI",
         "equipmentIC":"800056578",
         "equipmentOwner":null,
         "equipmentPO":null,
         "equipmentStatus":0,
         "equipmentType":0,
         "ignitionStatus":0,
         "installedOn":null,
         "lastReportedDate":"3\/3\/2016 6:42:25 PM",
         "latitude":"56.6636633",
         "longitude":"-111.3279133",
         "millegeMeter":null,
         "orderBy":null
      }
   ]
}