{"AdminEquipmentDetails":[{"category":"25\/26\/27' SCISSOR LIFT 46\" WIDE","deviceIMEI":null,"deviceSerialNbr":null,"division":"CR","equipIC":"  2646","status":"Assigned"},{"category":"OUTBOARD MOTOR 2 HP","deviceIMEI":null,"deviceSerialNbr":null,"division":"CR","equipIC":"  C1001758","status":"Unassigned"},{"category":"BREAKER PANEL 400AMP 600V","deviceIMEI":null,"deviceSerialNbr":null,"division":"CR","equipIC":" 76615526","status":"Unassigned"},{"category":"CUSTOMER MISCELLANEOUS EQUIPMENT","deviceIMEI":null,"deviceSerialNbr":null,"division":"CR","equipIC":"#2","status":"Unassigned"},{"category":"60' KNUCKLE BOOM DUAL FUEL 4WD","deviceIMEI":null,"deviceSerialNbr":null,"division":"CR","equipIC":"#77","status":"Unassigned"},{"category":"PUMP\/TRASH\/2\"","deviceIMEI":null,"deviceSerialNbr":null,"division":"HG","equipIC":"000000002","status":"Unassigned"},{"category":"Created by EQPBAL","deviceIMEI":null,"deviceSerialNbr":null,"division":"HG","equipIC":"000000003","status":"Unassigned"},{"category":"Created by EQPBAL","deviceIMEI":null,"deviceSerialNbr":null,"division":"HG","equipIC":"000000082","status":"Unassigned"},{"category":"Created by EQPBAL","deviceIMEI":null,"deviceSerialNbr":null,"division":"HG","equipIC":"000000214","status":"Assigned"},{"category":"GRAPPLE BOBCAT","deviceIMEI":null,"deviceSerialNbr":null,"division":"CR","equipIC":"000004M","status":"Unassigned"},{"category":"OPEN FOR LATER USE","deviceIMEI":null,"deviceSerialNbr":null,"division":"HG","equipIC":"000005403","status":"Unassigned"}]}