{  
   "equipmentDashboard":[  
      {  
         "equipmentUtilization":[  
            {  
               "averageUtilization":15.8,
               "equipmentCount":21780,
               "startMonth":"01\/01\/15"
            },
            {  
               "averageUtilization":17.3,
               "equipmentCount":25351,
               "startMonth":"02\/01\/15"
            },
            {  
               "averageUtilization":14.7,
               "equipmentCount":26691,
               "startMonth":"03\/01\/15"
            },
            {  
               "averageUtilization":22.0,
               "equipmentCount":27833,
               "startMonth":"04\/01\/15"
            },
            {  
               "averageUtilization":18.8,
               "equipmentCount":27809,
               "startMonth":"05\/01\/15"
            },
            {  
               "averageUtilization":19.7,
               "equipmentCount":21962,
               "startMonth":"06\/01\/15"
            },
            {  
               "averageUtilization":16.1,
               "equipmentCount":21782,
               "startMonth":"07\/01\/15"
            },
            {  
               "averageUtilization":11.8,
               "equipmentCount":30855,
               "startMonth":"08\/01\/15"
            },
            {  
               "averageUtilization":18.9,
               "equipmentCount":30825,
               "startMonth":"09\/01\/15"
            },
            {  
               "averageUtilization":21.6,
               "equipmentCount":31080,
               "startMonth":"10\/01\/15"
            },
            {  
               "averageUtilization":13.7,
               "equipmentCount":31121,
               "startMonth":"11\/01\/15"
            },
            {  
               "averageUtilization":23.9,
               "equipmentCount":31053,
               "startMonth":"12\/01\/15"
            },
            {  
               "averageUtilization":11.4,
               "equipmentCount":30611,
               "startMonth":"01\/01\/16"
            },
            {  
               "averageUtilization":23.9,
               "equipmentCount":30729,
               "startMonth":"02\/01\/16"
            }
         ],
         "equipmentsNotReporting":31841,
         "equipmentsOnAlert":12,
         "totalNumberOfEquipments":32012
      }
   ]
}