{
	"EquipmentTypes": [{
		"EquipmentTypeID": 0,
		"EquipmentType": "ALL"
	}, {
		"EquipmentTypeID": 1,
		"EquipmentType": "Aerial"
	}, {
		"EquipmentTypeID": 2,
		"EquipmentType": "Aerial Equipment"
	}, {
		"EquipmentTypeID": 3,
		"EquipmentType": "Air Equipment"
	}, {
		"EquipmentTypeID": 4,
		"EquipmentType": "Compaction & Paving Equipment"
	}, {
		"EquipmentTypeID": 5,
		"EquipmentType": "Concrete & Masonry Equipment"
	}, {
		"EquipmentTypeID": 6,
		"EquipmentType": "Earthmoving Equipment"
	}, {
		"EquipmentTypeID": 7,
		"EquipmentType": "Electrical Tools & Equipment"
	}, {
		"EquipmentTypeID": 8,
		"EquipmentType": "General"
	}, {
		"EquipmentTypeID": 9,
		"EquipmentType": "General Equipment"
	}, {
		"EquipmentTypeID": 10,
		"EquipmentType": "Generators"
	}, {
		"EquipmentTypeID": 11,
		"EquipmentType": "Lawn & Garden Equipment"
	}, {
		"EquipmentTypeID": 12,
		"EquipmentType": "Material Handling Equipment"
	}, {
		"EquipmentTypeID": 13,
		"EquipmentType": "Pumping Equipment"
	}, {
		"EquipmentTypeID": 14,
		"EquipmentType": "Safety Equipment"
	}, {
		"EquipmentTypeID": 15,
		"EquipmentType": "Trucks & Trailers"
	}]
}
