{"EquipmentList": [{
		"EquipICNo": "768300368",
		"Latitude": 33.9977560,
		"Longitude": -95.1108230,
		"Description": "Cognizant technology solutions chennai sipcot",
		"Branch": "9459",
		"Contract": "28198802",
		"Account": "2817853",
		"IsActiveAlertExists": "No",
		"Status": "3",
		"IGNITION": "OFF",
		"AlertCount": 0,
		"EquipmentType": 9
	},{"EquipICNo": "768300364",
		"Latitude": 29.6421550,
		"Longitude": -95.0455383,
		"Description": "WELDER/300-349AMPS/DSL/TOW",
		"Branch": "9418",
		"Contract": "28044839",
		"Account": "1723842",
		"IsActiveAlertExists": "No",
		"Status": "3",
		"IGNITION": "ON",
		"AlertCount": 0,
		"EquipmentType": 9
	}, {
		"EquipICNo": "768300368",
		"Latitude": 33.9977560,
		"Longitude": -95.1108230,
		"Description": "WELDER/300-349AMPS/DSL/TOW",
		"Branch": "9459",
		"Contract": "28198802",
		"Account": "2817853",
		"IsActiveAlertExists": "No",
		"Status": "3",
		"IGNITION": "OFF",
		"AlertCount": 0,
		"EquipmentType": 9
	}, {
		"EquipICNo": "768300373",
		"Latitude": 29.6290750,
		"Longitude": -95.0808250,
		"Description": "WELDER/300-349AMPS/DSL/TOW",
		"Branch": "9418",
		"Contract": "27412311",
		"Account": "2868375",
		"IsActiveAlertExists": "No",
		"Status": "3",
		"IGNITION": "ON",
		"AlertCount": 0,
		"EquipmentType": 9
	}, {
		"EquipICNo": "768300375",
		"Latitude": 29.7550000,
		"Longitude": -95.0099067,
		"Description": "WELDER/300-349AMPS/DSL/TOW",
		"Branch": "9418",
		"Contract": "28164827",
		"Account": "2776112",
		"IsActiveAlertExists": "No",
		"Status": "3",
		"IGNITION": "OFF",
		"AlertCount": 0,
		"EquipmentType": 9
	}, {
		"EquipICNo": "768300376",
		"Latitude": 29.7263717,
		"Longitude": -95.2496300,
		"Description": "WELDER/300-349AMPS/DSL/TOW",
		"Branch": "9418",
		"Contract": "28204784",
		"Account": "278821",
		"IsActiveAlertExists": "Yes",
		"Status": "3",
		"IGNITION": "OFF",
		"AlertCount": 1,
		"EquipmentType": 9
	},{
		"EquipICNo": "768300375",
		"Latitude": 29.7550000,
		"Longitude": -95.0099067,
		"Description": "WELDER/300-349AMPS/DSL/TOW",
		"Branch": "9418",
		"Contract": "28164827",
		"Account": "2776112",
		"IsActiveAlertExists": "No",
		"Status": "3",
		"IGNITION": "ON",
		"AlertCount": 0,
		"EquipmentType": 9
	},{
		"EquipICNo": "768300375",
		"Latitude": 29.7550000,
		"Longitude": -95.0099067,
		"Description": "WELDER/300-349AMPS/DSL/TOW",
		"Branch": "9418",
		"Contract": "28164827",
		"Account": "2776112",
		"IsActiveAlertExists": "No",
		"Status": "3",
		"IGNITION": "ON",
		"AlertCount": 0,
		"EquipmentType": 9
	},{
		"EquipICNo": "768300375",
		"Latitude": 29.7550000,
		"Longitude": -95.0099067,
		"Description": "WELDER/300-349AMPS/DSL/TOW",
		"Branch": "9418",
		"Contract": "28164827",
		"Account": "2776112",
		"IsActiveAlertExists": "No",
		"Status": "3",
		"IGNITION": "OFF",
		"AlertCount": 0,
		"EquipmentType": 9
	},{
		"EquipICNo": "768300375",
		"Latitude": 29.7550000,
		"Longitude": -95.0099067,
		"Description": "CTS",
		"Branch": "9418",
		"Contract": "28164827",
		"Account": "2776112",
		"IsActiveAlertExists": "No",
		"Status": "3",
		"IGNITION": "ON",
		"AlertCount": 0,
		"EquipmentType": 9
	},{
		"EquipICNo": "768300375",
		"Latitude": 29.7550000,
		"Longitude": -95.0099067,
		"Description": "CTSINDIA",
		"Branch": "9418",
		"Contract": "28164827",
		"Account": "2776112",
		"IsActiveAlertExists": "No",
		"Status": "3",
		"IGNITION": "ON",
		"AlertCount": 0,
		"EquipmentType": 9
	}]
}
