{  
   "MaintenanceHistory":[  
      {  
         "equipmentIC":"006180005",
         "iMEI":"359999042083626",
         "inspectDesc":"PREVENT MAINT\/ B-SERVICE",
         "inspectionType":"PM",
         "lastMaintenanceDate":"02\/05\/2016",
         "nextDueHour":"2203.42",
         "nextDueMile":"NA",
         "nextMaintenanceDate":"05\/11\/2015",
         "warrantyDate":"12\/17\/2010"
      }
   ]
} 