{
   "PumpDashboard":[
      {
         "alternatorVoltage":"12",
         "batteryVoltage":"12.732",
         "engineHours":"2179.1",
         "equipmentNumber":"800032114",
         "fuelConsumption_I":4,
         "fuelConsumption_M":16,
         "fuelLevel":"67",
         "oilPressure_I":72,
         "oilPressure_M":496,
         "outletPressure_I":"49.50",
         "outletPressure_M":"341.0",
         "rpm":"1357.0",
         "serial":"106055-0483",
         "status":"on"
      }
   ]
}