{
   "equipmentTimeline":[
      {
         "endTime":"1900-01-01 23:59:59.000",
         "equipmentTimeLineList":[
            {
               "Begin_Datetime":"2016-03-02 15:00:00.000",
               "Date":"03\/02\/16",
               "End_Datetime":"2016-03-02 15:16:49.000",
               "Event_Code":"HOF",
               "Extended_Data":"16 mins"
            },
            {
               "Begin_Datetime":"2016-03-02 15:16:49.000",
               "Date":"03\/02\/16",
               "End_Datetime":"2016-03-02 15:19:55.000",
               "Event_Code":"HOF",
               "Extended_Data":"3 mins"
            },
            {
               "Begin_Datetime":"2016-03-02 15:19:55.000",
               "Date":"03\/02\/16",
               "End_Datetime":"2016-03-02 15:21:17.000",
               "Event_Code":"HOF",
               "Extended_Data":"1 min"
            },
			 {
               "Begin_Datetime":"2016-03-02 17:19:55.000",
               "Date":"03\/02\/16",
               "End_Datetime":"2016-03-02 17:21:17.000",
               "Event_Code":"HON",
               "Extended_Data":"1 min"
            },
			{
               "Begin_Datetime":"2016-03-02 22:19:55.000",
               "Date":"03\/02\/16",
               "End_Datetime":"2016-03-02 22:21:17.000",
               "Event_Code":"HON",
               "Extended_Data":"1 min"
            },
            {
               "Begin_Datetime":"2016-04-02 15:21:17.000",
               "Date":"04\/02\/16",
               "End_Datetime":"2016-04-02 15:48:59.000",
               "Event_Code":"HOF",
               "Extended_Data":"27 mins"
            },
            {
               "Begin_Datetime":"2016-04-02 15:48:59.000",
               "Date":"04\/02\/16",
               "End_Datetime":"2016-04-02 15:51:22.000",
               "Event_Code":"HON",
               "Extended_Data":"2 mins"
            },
            {
               "Begin_Datetime":"2016-04-02 15:51:22.000",
               "Date":"04\/02\/16",
               "End_Datetime":"2016-04-02 15:51:45.000",
               "Event_Code":"HOF",
               "Extended_Data":"0 min"
            },
            {
               "Begin_Datetime":"2016-05-02 16:03:45.000",
               "Date":"05\/02\/16",
               "End_Datetime":"2016-05-02 16:51:17.000",
               "Event_Code":"HON",
               "Extended_Data":"11 mins"
            },
            {
               "Begin_Datetime":"2016-05-02 16:03:17.000",
               "Date":"05\/02\/16",
               "End_Datetime":"2016-05-02 23:59:59.000",
               "Event_Code":"HOF",
               "Extended_Data":"7 hours 56 mins"
            },
            {
               "Begin_Datetime":"2016-05-02 23:59:59.000",
               "Date":"05\/02\/16",
               "End_Datetime":"2016-05-02 00:00:00.000",
               "Event_Code":"HOF",
               "Extended_Data":"-59 min"
            }
         ],
         "startTime":"1900-01-01 15:00:00.000"
      }
   ]
}